ID,Title,Acceptance,Difficulty,Frequency,Leetcode Question Link,Topics
1,LRU Cache,44.4%,Medium,100.0,https://leetcode.com/problems/lru-cache,"Hash Table, Linked List, Design, Doubly-Linked List"
2,Longest Increasing Subsequence,57.2%,Medium,96.1,https://leetcode.com/problems/longest-increasing-subsequence,"Array, Binary Search, Dynamic Programming"
3,Merge Intervals,48.8%,Medium,89.6,https://leetcode.com/problems/merge-intervals,"Array, Sorting"
4,Number of Islands,61.6%,Medium,88.6,https://leetcode.com/problems/number-of-islands,"Array, Depth-First Search, Breadth-First Search, Union Find, Matrix"
5,Two Sum,55.1%,Easy,87.7,https://leetcode.com/problems/two-sum,"Array, Hash Table"
6,Longest Substring Without Repeating Characters,36.3%,Medium,86.6,https://leetcode.com/problems/longest-substring-without-repeating-characters,"Hash Table, String, Sliding Window"
7,Longest Palindromic Substring,35.3%,Medium,84.4,https://leetcode.com/problems/longest-palindromic-substring,"Two Pointers, String, Dynamic Programming"
8,Container With Most Water,57.2%,Medium,76.1,https://leetcode.com/problems/container-with-most-water,"Array, Two Pointers, Greedy"
9,Meeting Rooms II,51.9%,Medium,74.3,https://leetcode.com/problems/meeting-rooms-ii,"Array, Two Pointers, Greedy, Sorting, Heap (Priority Queue), Prefix Sum"
10,Add Two Numbers,45.4%,Medium,72.5,https://leetcode.com/problems/add-two-numbers,"Linked List, Math, Recursion"
11,Remove Duplicate Letters,50.8%,Medium,72.5,https://leetcode.com/problems/remove-duplicate-letters,"String, Stack, Greedy, Monotonic Stack"
12,Search in Rotated Sorted Array,42.3%,Medium,72.5,https://leetcode.com/problems/search-in-rotated-sorted-array,"Array, Binary Search"
13,Longest Consecutive Sequence,47.2%,Medium,70.4,https://leetcode.com/problems/longest-consecutive-sequence,"Array, Hash Table, Union Find"
14,Group Anagrams,70.3%,Medium,70.4,https://leetcode.com/problems/group-anagrams,"Array, Hash Table, String, Sorting"
15,Find Median from Data Stream,53.0%,Hard,70.4,https://leetcode.com/problems/find-median-from-data-stream,"Two Pointers, Design, Sorting, Heap (Priority Queue), Data Stream"
16,Trapping Rain Water,64.3%,Hard,68.2,https://leetcode.com/problems/trapping-rain-water,"Array, Two Pointers, Dynamic Programming, Stack, Monotonic Stack"
17,Top K Frequent Elements,64.1%,Medium,68.2,https://leetcode.com/problems/top-k-frequent-elements,"Array, Hash Table, Divide and Conquer, Sorting, Heap (Priority Queue), Bucket Sort, Counting, Quickselect"
18,Insert Delete GetRandom O(1),54.9%,Medium,68.2,https://leetcode.com/problems/insert-delete-getrandom-o1,"Array, Hash Table, Math, Design, Randomized"
19,Jump Game,39.1%,Medium,65.7,https://leetcode.com/problems/jump-game,"Array, Dynamic Programming, Greedy"
20,Move Zeroes,62.5%,Easy,65.7,https://leetcode.com/problems/move-zeroes,"Array, Two Pointers"
21,Best Time to Buy and Sell Stock,54.8%,Easy,65.7,https://leetcode.com/problems/best-time-to-buy-and-sell-stock,"Array, Dynamic Programming"
22,Merge Two Sorted Lists,66.3%,Easy,65.7,https://leetcode.com/problems/merge-two-sorted-lists,"Linked List, Recursion"
23,Jump Game II,41.1%,Medium,63.0,https://leetcode.com/problems/jump-game-ii,"Array, Dynamic Programming, Greedy"
24,Search a 2D Matrix II,54.4%,Medium,63.0,https://leetcode.com/problems/search-a-2d-matrix-ii,"Array, Binary Search, Divide and Conquer, Matrix"
25,Binary Tree Right Side View,65.6%,Medium,63.0,https://leetcode.com/problems/binary-tree-right-side-view,"Tree, Depth-First Search, Breadth-First Search, Binary Tree"
26,3Sum,36.4%,Medium,63.0,https://leetcode.com/problems/3sum,"Array, Two Pointers, Sorting"
27,Logger Rate Limiter,76.4%,Easy,63.0,https://leetcode.com/problems/logger-rate-limiter,"Hash Table, Design, Data Stream"
28,Product of Array Except Self,67.4%,Medium,63.0,https://leetcode.com/problems/product-of-array-except-self,"Array, Prefix Sum"
29,Course Schedule II,52.6%,Medium,63.0,https://leetcode.com/problems/course-schedule-ii,"Depth-First Search, Breadth-First Search, Graph, Topological Sort"
30,Sliding Window Maximum,47.2%,Hard,63.0,https://leetcode.com/problems/sliding-window-maximum,"Array, Queue, Sliding Window, Heap (Priority Queue), Monotonic Queue"
31,Combination Sum,73.9%,Medium,63.0,https://leetcode.com/problems/combination-sum,"Array, Backtracking"
32,"Pow(x, n)",36.5%,Medium,63.0,https://leetcode.com/problems/powx-n,"Math, Recursion"
33,Spiral Matrix,52.9%,Medium,63.0,https://leetcode.com/problems/spiral-matrix,"Array, Matrix, Simulation"
34,Word Search,44.6%,Medium,59.9,https://leetcode.com/problems/word-search,"Array, String, Backtracking, Depth-First Search, Matrix"
35,Merge k Sorted Lists,55.8%,Hard,59.9,https://leetcode.com/problems/merge-k-sorted-lists,"Linked List, Divide and Conquer, Heap (Priority Queue), Merge Sort"
36,Rotate Image,77.2%,Medium,59.9,https://leetcode.com/problems/rotate-image,"Array, Math, Matrix"
37,Gas Station,46.0%,Medium,59.9,https://leetcode.com/problems/gas-station,"Array, Greedy"
38,Search a 2D Matrix,51.8%,Medium,59.9,https://leetcode.com/problems/search-a-2d-matrix,"Array, Binary Search, Matrix"
39,Copy List with Random Pointer,59.5%,Medium,59.9,https://leetcode.com/problems/copy-list-with-random-pointer,"Hash Table, Linked List"
40,Maximum Subarray,51.7%,Medium,59.9,https://leetcode.com/problems/maximum-subarray,"Array, Divide and Conquer, Dynamic Programming"
41,Coin Change,45.8%,Medium,56.3,https://leetcode.com/problems/coin-change,"Array, Dynamic Programming, Breadth-First Search"
42,Linked List Cycle,52.0%,Easy,56.3,https://leetcode.com/problems/linked-list-cycle,"Hash Table, Linked List, Two Pointers"
43,Course Schedule,48.5%,Medium,56.3,https://leetcode.com/problems/course-schedule,"Depth-First Search, Breadth-First Search, Graph, Topological Sort"
44,First Missing Positive,40.6%,Hard,56.3,https://leetcode.com/problems/first-missing-positive,"Array, Hash Table"
45,Validate Binary Search Tree,34.0%,Medium,56.3,https://leetcode.com/problems/validate-binary-search-tree,"Tree, Depth-First Search, Binary Search Tree, Binary Tree"
46,Binary Tree Zigzag Level Order Traversal,61.0%,Medium,56.3,https://leetcode.com/problems/binary-tree-zigzag-level-order-traversal,"Tree, Breadth-First Search, Binary Tree"
47,Integer to English Words,34.3%,Hard,52.1,https://leetcode.com/problems/integer-to-english-words,"Math, String, Recursion"
48,Find First and Last Position of Element in Sorted Array,46.1%,Medium,52.1,https://leetcode.com/problems/find-first-and-last-position-of-element-in-sorted-array,"Array, Binary Search"
49,Meeting Rooms,58.8%,Easy,52.1,https://leetcode.com/problems/meeting-rooms,"Array, Sorting"
50,Letter Combinations of a Phone Number,63.1%,Medium,52.1,https://leetcode.com/problems/letter-combinations-of-a-phone-number,"Hash Table, String, Backtracking"
51,Decode Ways,36.1%,Medium,52.1,https://leetcode.com/problems/decode-ways,"String, Dynamic Programming"
52,Min Stack,55.9%,Medium,52.1,https://leetcode.com/problems/min-stack,"Stack, Design"
53,Sort Colors,66.4%,Medium,52.1,https://leetcode.com/problems/sort-colors,"Array, Two Pointers, Sorting"
54,Set Matrix Zeroes,58.9%,Medium,52.1,https://leetcode.com/problems/set-matrix-zeroes,"Array, Hash Table, Matrix"
55,Reverse Linked List,78.7%,Easy,52.1,https://leetcode.com/problems/reverse-linked-list,"Linked List, Recursion"
56,Zigzag Conversion,50.8%,Medium,52.1,https://leetcode.com/problems/zigzag-conversion,String
57,Permutations,80.1%,Medium,52.1,https://leetcode.com/problems/permutations,"Array, Backtracking"
58,Majority Element,65.5%,Easy,46.9,https://leetcode.com/problems/majority-element,"Array, Hash Table, Divide and Conquer, Sorting, Counting"
59,Minimum Size Subarray Sum,48.7%,Medium,46.9,https://leetcode.com/problems/minimum-size-subarray-sum,"Array, Binary Search, Sliding Window, Prefix Sum"
60,Kth Largest Element in an Array,67.6%,Medium,46.9,https://leetcode.com/problems/kth-largest-element-in-an-array,"Array, Divide and Conquer, Sorting, Heap (Priority Queue), Quickselect"
61,Max Points on a Line,28.4%,Hard,46.9,https://leetcode.com/problems/max-points-on-a-line,"Array, Hash Table, Math, Geometry"
62,Generate Parentheses,76.5%,Medium,46.9,https://leetcode.com/problems/generate-parentheses,"String, Dynamic Programming, Backtracking"
63,Unique Paths,65.4%,Medium,46.9,https://leetcode.com/problems/unique-paths,"Math, Dynamic Programming, Combinatorics"
64,Implement Queue using Stacks,67.7%,Easy,40.4,https://leetcode.com/problems/implement-queue-using-stacks,"Stack, Design, Queue"
65,Maximal Square,48.2%,Medium,40.4,https://leetcode.com/problems/maximal-square,"Array, Dynamic Programming, Matrix"
66,Implement Stack using Queues,66.5%,Easy,40.4,https://leetcode.com/problems/implement-stack-using-queues,"Stack, Design, Queue"
67,Word Pattern II,48.5%,Medium,40.4,https://leetcode.com/problems/word-pattern-ii,"Hash Table, String, Backtracking"
68,Basic Calculator,44.9%,Hard,40.4,https://leetcode.com/problems/basic-calculator,"Math, String, Stack, Recursion"
69,Longest Common Prefix,44.9%,Easy,40.4,https://leetcode.com/problems/longest-common-prefix,"String, Trie"
70,Design a Text Editor,47.4%,Hard,40.4,https://leetcode.com/problems/design-a-text-editor,"Linked List, String, Stack, Design, Simulation, Doubly-Linked List"
71,Kth Smallest Element in a Sorted Matrix,63.2%,Medium,40.4,https://leetcode.com/problems/kth-smallest-element-in-a-sorted-matrix,"Array, Binary Search, Sorting, Heap (Priority Queue), Matrix"
72,Find the Duplicate Number,62.3%,Medium,40.4,https://leetcode.com/problems/find-the-duplicate-number,"Array, Two Pointers, Binary Search, Bit Manipulation"
73,Find Subsequence of Length K With the Largest Sum,45.0%,Easy,40.4,https://leetcode.com/problems/find-subsequence-of-length-k-with-the-largest-sum,"Array, Hash Table, Sorting, Heap (Priority Queue)"
74,Remove Duplicates from Sorted Array,59.5%,Easy,40.4,https://leetcode.com/problems/remove-duplicates-from-sorted-array,"Array, Two Pointers"
75,Merge Sorted Array,52.3%,Easy,40.4,https://leetcode.com/problems/merge-sorted-array,"Array, Two Pointers, Sorting"
76,Sudoku Solver,63.7%,Hard,40.4,https://leetcode.com/problems/sudoku-solver,"Array, Hash Table, Backtracking, Matrix"
77,Excel Sheet Column Title,42.9%,Easy,40.4,https://leetcode.com/problems/excel-sheet-column-title,"Math, String"
78,Insert Interval,42.9%,Medium,40.4,https://leetcode.com/problems/insert-interval,Array
79,Count Number of Pairs With Absolute Difference K,84.6%,Easy,40.4,https://leetcode.com/problems/count-number-of-pairs-with-absolute-difference-k,"Array, Hash Table, Counting"
80,Word Break II,52.9%,Hard,40.4,https://leetcode.com/problems/word-break-ii,"Array, Hash Table, String, Dynamic Programming, Backtracking, Trie, Memoization"
81,Valid Sudoku,61.7%,Medium,40.4,https://leetcode.com/problems/valid-sudoku,"Array, Hash Table, Matrix"
82,Populating Next Right Pointers in Each Node,64.8%,Medium,40.4,https://leetcode.com/problems/populating-next-right-pointers-in-each-node,"Linked List, Tree, Depth-First Search, Breadth-First Search, Binary Tree"
83,Number of Unique Good Subsequences,52.2%,Hard,31.3,https://leetcode.com/problems/number-of-unique-good-subsequences,"String, Dynamic Programming"
84,Sqrt(x),40.0%,Easy,31.3,https://leetcode.com/problems/sqrtx,"Math, Binary Search"
85,Climbing Stairs,53.3%,Easy,31.3,https://leetcode.com/problems/climbing-stairs,"Math, Dynamic Programming, Memoization"
86,Reverse Vowels of a String,57.0%,Easy,31.3,https://leetcode.com/problems/reverse-vowels-of-a-string,"Two Pointers, String"
87,Minimum Window Substring,44.7%,Hard,31.3,https://leetcode.com/problems/minimum-window-substring,"Hash Table, String, Sliding Window"
88,Maximal Rectangle,52.9%,Hard,31.3,https://leetcode.com/problems/maximal-rectangle,"Array, Dynamic Programming, Stack, Matrix, Monotonic Stack"
89,Recover Binary Search Tree,55.5%,Medium,31.3,https://leetcode.com/problems/recover-binary-search-tree,"Tree, Depth-First Search, Binary Search Tree, Binary Tree"
90,Reverse Linked List II,49.1%,Medium,31.3,https://leetcode.com/problems/reverse-linked-list-ii,Linked List
91,Restore IP Addresses,52.4%,Medium,31.3,https://leetcode.com/problems/restore-ip-addresses,"String, Backtracking"
92,Delete Duplicate Emails,63.8%,Easy,31.3,https://leetcode.com/problems/delete-duplicate-emails,Database
93,Pascal's Triangle,76.4%,Easy,31.3,https://leetcode.com/problems/pascals-triangle,"Array, Dynamic Programming"
94,Divide Two Integers,18.1%,Medium,31.3,https://leetcode.com/problems/divide-two-integers,"Math, Bit Manipulation"
95,Valid Anagram,66.2%,Easy,31.3,https://leetcode.com/problems/valid-anagram,"Hash Table, String, Sorting"
96,Sort List,60.9%,Medium,31.3,https://leetcode.com/problems/sort-list,"Linked List, Two Pointers, Divide and Conquer, Sorting, Merge Sort"
97,Intersection of Two Linked Lists,60.3%,Easy,31.3,https://leetcode.com/problems/intersection-of-two-linked-lists,"Hash Table, Linked List, Two Pointers"
98,Lowest Common Ancestor of a Binary Search Tree,67.4%,Medium,31.3,https://leetcode.com/problems/lowest-common-ancestor-of-a-binary-search-tree,"Tree, Depth-First Search, Binary Search Tree, Binary Tree"
99,Invert Binary Tree,78.6%,Easy,31.3,https://leetcode.com/problems/invert-binary-tree,"Tree, Depth-First Search, Breadth-First Search, Binary Tree"
100,First Unique Character in a String,63.2%,Easy,31.3,https://leetcode.com/problems/first-unique-character-in-a-string,"Hash Table, String, Queue, Counting"
